{"cameraMode":{"drawMode":0,"name":"Shaded","section":"Shading Mode"},"sceneLighting":false,"audioPlay":false,"sceneViewState":{"showFog":true,"showMaterialUpdate":false,"showSkybox":false,"showFlares":true,"showImageEffects":true,"showParticleSystems":true},"in2DMode":false,"pivot":{"x":14.238388061523438,"y":9.001603126525879,"z":18.319616317749025},"rotation":{"x":-0.0020320757757872345,"y":-0.9966476559638977,"z":0.07789631932973862,"w":-0.026011766865849496},"size":3.9749932289123537,"orthographic":false}