{"cameraMode":{"drawMode":0,"name":"Shaded","section":"Shading Mode"},"sceneLighting":true,"audioPlay":false,"sceneViewState":{"showFog":true,"showMaterialUpdate":false,"showSkybox":true,"showFlares":true,"showImageEffects":true,"showParticleSystems":true},"in2DMode":false,"pivot":{"x":-14.16829776763916,"y":15.939297676086426,"z":-9.964736938476563},"rotation":{"x":-0.011270479299128056,"y":-0.9181650280952454,"z":-0.02617502212524414,"w":0.39522919058799746},"size":77.2320556640625,"orthographic":false}