{"cameraMode":{"drawMode":0,"name":"Shaded","section":"Shading Mode"},"sceneLighting":false,"audioPlay":false,"sceneViewState":{"showFog":true,"showMaterialUpdate":false,"showSkybox":false,"showFlares":true,"showImageEffects":true,"showParticleSystems":true},"in2DMode":false,"pivot":{"x":27.196046829223634,"y":9.75,"z":28.499990463256837},"rotation":{"x":-0.005071554332971573,"y":0.9718208909034729,"z":-0.23473294079303742,"w":-0.02099640481173992},"size":3.9586398601531984,"orthographic":true}