{"cameraMode":{"drawMode":0,"name":"Shaded","section":"Shading Mode"},"sceneLighting":false,"audioPlay":false,"sceneViewState":{"showFog":true,"showMaterialUpdate":false,"showSkybox":false,"showFlares":true,"showImageEffects":true,"showParticleSystems":true},"in2DMode":false,"pivot":{"x":0.0,"y":-1.8802502155303956,"z":4.76837158203125e-7},"rotation":{"x":0.012160234153270722,"y":0.98762047290802,"z":-0.12058979272842407,"w":0.09959138184785843},"size":18.187894821166993,"orthographic":true}