{"cameraMode":{"drawMode":0,"name":"Shaded","section":"Shading Mode"},"sceneLighting":false,"audioPlay":false,"sceneViewState":{"showFog":true,"showMaterialUpdate":false,"showSkybox":false,"showFlares":true,"showImageEffects":true,"showParticleSystems":true},"in2DMode":false,"pivot":{"x":-0.20294523239135743,"y":0.5367610454559326,"z":0.4302806258201599},"rotation":{"x":-0.08880617469549179,"y":-0.7865756750106812,"z":0.11648670583963394,"w":-0.5999435186386108},"size":2.063275098800659,"orthographic":false}