{"cameraMode":{"drawMode":0,"name":"Shaded","section":"Shading Mode"},"sceneLighting":false,"audioPlay":false,"sceneViewState":{"showFog":true,"showMaterialUpdate":false,"showSkybox":false,"showFlares":true,"showImageEffects":true,"showParticleSystems":true},"in2DMode":false,"pivot":{"x":-19.180614471435548,"y":13.409082412719727,"z":14.937651634216309},"rotation":{"x":-0.10323753207921982,"y":0.87923663854599,"z":-0.22216592729091645,"w":-0.4085693955421448},"size":6.424544811248779,"orthographic":true}