{"cameraMode":{"drawMode":0,"name":"Shaded","section":"Shading Mode"},"sceneLighting":false,"audioPlay":false,"sceneViewState":{"showFog":true,"showMaterialUpdate":false,"showSkybox":false,"showFlares":true,"showImageEffects":true,"showParticleSystems":true},"in2DMode":false,"pivot":{"x":-0.000040084123611450195,"y":12.594589233398438,"z":10.04998779296875},"rotation":{"x":-0.00022768373310100287,"y":0.9971043467521668,"z":-0.002990646753460169,"w":-0.0761319100856781},"size":2.4801156520843508,"orthographic":false}